Hindi,English
"	???",In
?? (hai),The (hai)
??? (ha?i),Applications (ha?i)
???? (nah??),No (nah?)
??? (lie),To (lie)
??? (gay?),The (gay?)
??? (tath?),And (tath?)
???? (apne),Your (Apne)
??? (kuch),Some (Kuch)
??? (s?th),With (s?th)
???? (hot?),The (hot?)
?? (th?),Was (th?)
???? (diy?),Cookies (diy?)
??? (hue),And (hue)
??? (ko?),No (ko?)
??? (r?p),As (r?p)
?? (se),The (se)
??? (ma?i),I (ma?i)
??? (rah?),Am (rah?)
??? (hu?),The (hu?)
??? (b?t),Point (b?t)
??? (kah?),Said (kah?)
??? (samay),Time (Samay)
???? (ky?),What (ky?)
???? (apn?),Your (apn?)
???? (hot?),The (hot?)
?????? (prak?r),Type (prak?r)
???? (bahut),Much (bahut)
??? (tarah),Like (Tarah)
??? (b?d),After (b?d)
??? (phir),Then (phir)
??? (rahe),Are (Rahe)
?????? (dv?r?),By (dv?r?)
???? (adhik),More (adhik)
??? (rah?),The (rah?)
???? (hone),Having (hone)
??? (evã),And (evã)
??? (hu?),Hui (hu?)
?? (the),Were (the)
???? (unke),Them (unke)
?? (th?),Was (th?)
???? (v?le),With (v?le)
????? (c?hie),Should (c?hie)
??? (din),Day (din)
????? (lekin),But (lekin)
??? (k?m),Work (k?m)
??? (h??),I (h?)
???? (hote),Are (hote)
???? (iske),In (iske)
?????? (unh?),They (unh?)
??? (gaye),Added (Gaye)
??? (kabh?),Never (kabh?)
??? (?di),Etc. (?di)
??? (log),People (log)
??? (b?r),Time (b?r)
???? (yah??),Here (yah?)
????? (donõ),Both (donõ)
???????? (unhonne),He (unhonne)
????? (k?rya),Working (k?rya)
??? (p?s),Close (p?s)
???? (vah??),There (vah?)
???? (bh?rat),India (bh?rat)
???? (liy?),Taken (liy?)
??????? (pr?pt),Download (pr?pt)
???? (unk?),His (unk?)
????? (logõ),People (logõ)
??? (gay?),Twitter (gay?)
??? (lag?),Felt (lag?)
???? (anya),Other (Anya)
???? (hog?),Will (hog?)
??? (is?),Similar (is?)
??? (de?),Country (de?)
??? (yadi),If (Yadi)
??? (sabh?),All (sabh?)
??? (n?m),Name (n?m)
???? (var?),Year (var?)
??? (ais?),It (ais?)
????? (vik?s),Development (vik?s)
???? (apn?),Your (apn?)
??? (aise),Such (aise)
????? (d?sre),Other (d?sre)
??? (h?th),Hand (h?th)
???? (bh???),Language (bh???)
???? (mere),My (mere)
????? (mainne),I (mainne)
??? (tum),You (tum)
??? (b?c),Between (b?c)
???? (v?l?),By (v?l?)
???? (ba?e),Large (ba?e)
????? (prati),Per (Prati)
??????? (vyakti),Person (vyakti)
???? (unk?),His (unk?)
???? (liye),For (liye)
????? (islie),So (islie)
??? (t?n),Three (t?n)
???? (isk?),This (isk?)
??? (ais?),Such (ais?)
????? (vi?e?),Special (vi?e?)
???? (ba??),Large (ba??)
???? (athv?),Or (athv?)
??? (bh?g),Part (bh?g)
??????? (kyo?ki),Because (kyo?ki)
???? (s?h),Singh (s?h)
??? (?h?k),OK (?h?k)
?????? (sthiti),Condition (sthiti)
?????? (parantu),But (parantu)
????? (sth?n),Location (sth?n)
??? (yah?),That (yah?)
????? (kyõ),Why (kyõ)
???? (g??v),Village (g?v)
????? (r?jya),State (r?jya)
??? (alag),Different (Alag)
???? (lekar),From (lekar)
??? (abh?),Book (abh?)
????? (ism?),It (ism?)
??????? (vibhinna),Various (vibhinna)
?? (s?),C (s?)
????? (vic?r),Consider (vic?r)
??? (jis),The (jis)
???? (b?har),Out (b?har)
??? (?par),Up (?par)
??? (ban?),Making (ban?)
????? (taiy?r),Ready (taiy?r)
???? (anek),Many (Anek)
????? (s?mne),Front (s?mne)
?????? (?ik??),Education (?ik??)
???? (?ar?r),Body (?ar?r)
???? (hokar),By (hokar)
?????? (d???i),Vision (d???i)
???? (?r?),Mr. (?r?)
??? (th??),Suzanne (th?)
??? (d?r),Away (d?r)
???? (?abd),Write (?abd)
????? (dhy?n),Focus (dhy?n)
??? (c?r),Four (c?r)
???? (mer?),My (mer?)
???? (ba??),Large (ba??)
??? (pat?),Address (pat?)
???? (lagt?),Think (lagt?)
??? (?ge),Forward (?ge)
???? (kiy?),And (kiy?)
????? (uttar),North (Uttar)
?????? (kintu),But (Kintu)
??? (?ne),Incoming (?ne)
??? (lage),Engaged (Lage)
???? (lagbhag),Almost (lagbhag)
??? (ise),It (ise)
??? (l?kh),Million (l?kh)
???? (b?re),About (b?re)
???? (hon?),Be (hon?)
???? (isse),It (isse)
?????? (m?tr?),Volume (m?tr?)
?????? (adhyayan),Study (adhyayan)
???? (v?l?),A (v?l?)
?????? (jism?),Which (jism?)
???? (n?ce),Down (n?ce)
???? (arth),Means (arth)
??? (lok),Public (lok)
?????? (?va?yak),Required (?va?yak)
?? (ho),Ho (Ho)
??? (m??),Mom (m?)
???? (cho?e),Small (cho?e)
??????? (prati?at),Percent (prati?at)
???? (?ur?),Start (?ur?)
??? (agar),If (agar)
???? (itn?),So (itn?)
??? (?y?),Come (?y?)
???? (hog?),Will (hog?)
??? (mil),Get (mil)
????? (svayã),Self (svayã)
??? (r?t),Night (r?t)
???? (bin?),Without (bin?)
???? (ham?),We (ham?)
????? (upyog),Use (upyog)
??? (kie),By (kie)
?????????? (mahatvap?r?),Important (mahatvap?r?)
????? (mukhya),Main (mukhya)
??? (s?l),Year (s?l)
?????? (jy?d?),More (jy?d?)
??????? (s?hitya),Literature (s?hitya)
????? (p?rv),East (p?rv)
??????? (nirm??),Construction (nirm??)
???? (vi?ay),Themes (vi?ay)
????? (jisse),Which (jisse)
??? (dekh),See (Dekh)
????? (citra),Pictures (Citra)
??? (lag?),Engaged (lag?)
???????? (pratyek),Each (pratyek)
?????? (manu?ya),Man (manu?ya)
?? (ga?),Went (ga?)
?????? (spa??),Clear (spa??)
????? (dinõ),Days (dinõ)
??? (ra?g),Color (ra?g)
???? (isk?),Its (isk?)
???? (star),Level (star)
???? (mer?),My (mer?)
????? (d?sr?),Second (d?sr?)
????? (acch?),Good (acch?)
??? (rog),Disease (rog)
??? (k?l),Cal (k?l)
????? (acch?),Good (acch?)
??????? (vigy?n),Science (vigy?n)
??? (bh??),Brother (bh??)
????? (gy?n),Knowledge (gy?n)
?????? (dill?),Delhi (dill?)
????? (ban?ne),Making (ban?ne)
????? (rupye),Rs (rupye)
??? (rakh?),Put (rakh?)
???????? (?va?yakt?),Need (?va?yakt?)
??? (?t?),Comes (?t?)
??? (kaun),Who (kaun)
??? (hõ),When (hõ)
?????? (?rthik),Economic (?rthik)
?????? (sah?yt?),Support (sah?yt?)
???????? (atirikt),Additional (atirikt)
??? (der),While (der)
??? (taraph),Side (taraph)
???? (lene),Take (Lene)
??? (cal?),Run (cal?)
??????? (s?m?jik),Social (s?m?jik)
??? (samajh),Understanding (Samajh)
??? (magar),But (Magar)
??? (?te),Come (?te)
????? (bacce),Children (bacce)
??? (kal?),Art (kal?)
???? (patra),Letter (Patra)
???? (bh?tar),Within (bh?tar)
???????? (sansk?ti),Culture (sansk?ti)
????? (unm?),Them (unm?)
???? (varg),Class (Varg)
????? (vibh?g),Department (vibh?g)
????? (c?ht?),Want (c?ht?)
??? (sir),Head (sir)
????? (bat?y?),Said (bat?y?)
??? (jagah),Place (Jagah)
??? (vah?),He (vah?)
???? (itn?),So (itn?)
??????? (sth?pit),Set (sth?pit)
????????? (r???r?ya),National (r???r?ya)
???? (svar),VOX (svar)
????????? (k?etrõ),Areas (k?etrõ)
????? (jiske),Which (jiske)
???? (janma),Birth (janma)
??? (j?e),If (j?e)
????? (daur?n),During (daur?n)
????? (g?ndh?),Gandhi (g?ndh?)
??? (h??),Yes (h?)
???? (jant?),Public (jant?)
??? (kis),What (kis)
??????? (kendra),Center (Kendra)
???? (s?hab),Honor (s?hab)
????? (p?r?),Full (p?r?)
????? (pulis),Police (Pulis)
???? (bol?),Said (bol?)
??? (tha??),Thia (tha??)
??? (kam?),Reduction (kam?)
?????? (samasy?),Problem (samasy?)
????????? (k?ryakram),Program (k?ryakram)
????? (viv?h),Marriage (viv?h)
???? (bh?mi),Land (bh?mi)
??? (bh?v),Expressions (bh?v)
????? (dekhkar),Seeing (dekhkar)
????? (karo?),Million (karo?)
????? (pratham),First (pratham)
??? (m?l),Original (m?l)
???????? (parivartan),Change (parivartan)
?????? (baccõ),Children (baccõ)
??? (l?bh),Profit (l?bh)
?????? (prad?n),Providing (prad?n)
??? (?ye),Come (?ye)
???? (cho??),Small (cho??)
?????? (str?),Female (str?)
???? (sev?),Service (sev?)
??????? (vyavh?r),Behavior (vyavh?r)
??? (r?m),RAM (r?m)
???? (racn?),Composition (racn?)
?? (k?),The (k?)
????? (bhinna),Different (bhinna)
?????? (mi???),Clay (mi???)
????? (de?õ),Countries (de?õ)
???? (inke),They (inke)
??? (?t?),Arrival (?t?)
??? (sah?),Right (sah?)
?????? (uplabdh),Available (uplabdh)
????? (balki),But (Balki)
????? (pr?y),Often (pr?y)
????? (bijl?),Power (bijl?)
???? (lete),Taking (lete)
??? (j?n),John (j?n)
??? (ba?h),Increases (ba?h)
???? (s?re),All (s?re)
???? (??yad),Maybe (??yad)
?????? (sark?r?),Government (sark?r?)
??? (pa?),Fall (pa?)
???? (cuk?),Paying (cuk?)
???? (pa??),Had (pa??)
???? (vidhi),Method (Vidhi)
???? (cho?),Left (cho?)
???? (likh?),Written (likh?)
???? (jabki),While (jabki)
????? (sirph),Just (sirph)
????? (dar?an),Philosophy (dar?an)
????????? (prakriy?),Process (prakriy?)
????? (dikh??),See (dikh??)
??? (kul),Total (kul)
?????? (?abdõ),Words (?abdõ)
??? (l?l),Red (l?l)
???? (nikal),Nickel (nikal)
??? (naye),New (naye)
???? (rakhne),Keep (rakhne)
????? (pañj?b),Punjab (pañj?b)
??? (nad?),River (nad?)
?? (gae),The (gae)
?????? (m?tyu),Death (m?tyu)
??????? (sv?k?r),Accept (sv?k?r)
????????? (antarik?),Space (antarik?)
??? (?kar),Come (?kar)
??? (y?d),Remember (y?d)
??? (u?h?),Picking (u?h?)
??? (d?dh),Milk (d?dh)
???????? (k??gres),Congress (k??gres)
???? (s?r?),All (s?r?)
?????? (m?dhyam),Through (m?dhyam)
????? (d?sr?),Second (d?sr?)
????? (sambandh),Relations (sambandh)
??? (jin),Jin (Jin)
???? (c?he),Whether (c?he)
????? (c?hte),Like (c?hte)
??????? (pra??l?),System (pra??l?)
??? (tabh?),If (tabh?)
????? (ho?ge),Will (ho?ge)
????? (inm?),These (inm?)
?? (san),Sun (San)
??? (m?n),Value (m?n)
????? (putra),Son (Putra)
???????? (udde?ya),When (udde?ya)
??????? (vi?v?s),Faith (vi?v?s)
????? (pichle),Last (pichle)
???? (t?ki),So (t?ki)
??????? (ni?cit),Fixed (ni?cit)
????? (jisk?),Which (jisk?)
??????? (j?nk?r?),Information (j?nk?r?)
???? (net?),Leader (net?)
???? (b?lak),Child (b?lak)
???? (ant),Lastly (ant)
???? (ucit),Appropriate (ucit)
????? (sa?g?t),Music (sa?g?t)
????? (jald?),Early (jald?)
?????? (k?amt?),Capacity (k?amt?)
???? (haj?r),Thousand (haj?r)
????? (j?eg?),Will (j?eg?)
????? (ban?y?),Made (ban?y?)
??? (pati),Husband (pati)
????? (ko?i?),Try (ko?i?)
???? (cuke),Have (cuke)
???? (kh?ne),Eating (kh?ne)
??? (phasal),Crop (Phasal)
??????? (prak?ti),Nature (prak?ti)
????? (paudhõ),Plants (paudhõ)
????? (praka?),Appear (praka?)
???? (pak?),Side (pak?)
???? (n?ti),Policy (n?ti)
?????? (yadyapi),Although (yadyapi)
????? (m?tra),Only (m?tra)
???? (bh?r?),Heavy (bh?r?)
????????? (pustak?lay),Library (pustak?lay)
??? (cale),Gone (Cale)
????? (samiti),Committee (Samiti)
??????? (s?magr?),Materials (s?magr?)
?????? (c?hiye),Should (c?hiye)
???????? (antargat),Under (antargat)
??? (m?l),Materials (m?l)
????? (??mil),Include (??mil)
???? (bol?),Bid (bol?)
???? (unse),Them (unse)
??????? (apek??),Define (apek??)
???? (hetu),For (Hetu)
??? (nagar),City (Nagar)
???? (diye),On (diye)
???????? (sambandh?),Related (sambandh?)
?????? (pustak),Book (pustak)
??? (khud),Here (khud)
????? (var?an),Description (var?an)
??? (bane),Made (Bane)
??? (jor),Thrust (jor)
???? (kar?),To (kar?)
?????? (jinm?),Which (jinm?)
????? (lak?a?),Symptoms (lak?a?)
???? (n?mak),Called (n?mak)
???? (vah??),The (vah?)
???????? (tumh?re),You (tumh?re)
????? (vi?va),World (vi?va)
???? (??san),Rule (??san)
???? (vaise),Well (Vaise)
??? (yug),Age (Yug)
??? (bai?h),Down (bai?h)
??????? (sth?pn?),Installation (sth?pn?)
?????? (arth?t),Ie (arth?t)
???? (s?r?),Sarah (s?r?)
???? (let?),Takes (let?)
???? (lagt?),Sound (lagt?)
???? (?ail?),Style (?ail?)
??? (l?),Take (l?)
?????? (p?r??),Party (p?r??)
??? (g?t),Song (g?t)
???? (avsar),Opportunities (Avsar)
????? (yuddh),War (yuddh)
????? (m?l?m),Know (m?l?m)
????? (c?rõ),Four (c?rõ)
?????? (prak??),Light (prak??)
?????? (j?yeg?),Will (j?yeg?)
???? (bai?he),Sitting (bai?he)
??????? (tumh?),You (tumh?)
?????? (sam?pt),Finished (sam?pt)
??? (j?y),Be (j?y)
??? (s?ph),Clean (s?ph)
??????? (dh?rmik),Religious (dh?rmik)
??? (t?p),Heating (t?p)
?????? (ullekh),Mentioned (ullekh)
??????? (vartam?n),Current (vartam?n)
???? (len?),Taking (len?)
????? (tho??),A (tho??)
???? (ink?),They (ink?)
?????? (viksit),Developed (viksit)
???? (band),Close (band)
???????? (prasiddh),Famous (prasiddh)
??????? (vi?i??),Specific (vi?i??)
????? (prem),Love (Prem)
??? (cal?),Left (cal?)
???? (rakhte),Keeping (rakhte)
????? (bh?vn?),Spirit (bh?vn?)
???? (calt?),Shows (calt?)
????? (siddh),Prove (siddh)
????? (v?lõ),Those (v?lõ)
??????? (citrõ),Pictures (citrõ)
????? (puru?),Men (puru?)
?????? (pad?rth),Substance (pad?rth)
????? (carc?),Discussion (carc?)
???? (kh?n?),Food (kh?n?)
???? (ucc),High (ucc)
???? (itne),So (Itne)
?? (d?),The (d?)
??? (die),The (die)
???? (s?m?),Range (s?m?)
????? (vastu),Object (vastu)
???? (pa??),Was (pa??)
??? (gati),Speed ??(Gati)
??????? (atyant),Most (atyant)
????? (sa?g?han),Organization (sa?g?han)
????? (kitn?),How (kitn?)
???????? (istem?l),Used (istem?l)
???? (b?b?),Baba (b?b?)
???????? (prak??it),Published (prak??it)
??? (?ha?g),Manner (?ha?g)
?????? (adhik?r),Rights (adhik?r)
??? (udhar),The (Udhar)
???? (pa?e),Set (pa?e)
??? (sake),Or (sake)
????? (s?cn?),Information (s?cn?)
???????? (a?grej?),English (a?grej?)
?????? (sundar),Handsome (Sundar)
???? (puna?),Re (puna?)
???????? (kendr?ya),Central (kendr?ya)
?????? (?dhunik),Modern (?dhunik)
??? (?ahar),City (?ahar)
???????????? (pradh?nmantr?),Prime (pradh?nmantr?)
???????? (br?hma?),Brahmins (br?hma?)
???? (unko),They (unko)
????? (mah?ne),Month (mah?ne)
????? (acche),Good (acche)
??? (hav?),Air (hav?)
??? (??m),Evening (??m)
??? (idhar),Here (idhar)
????? (sans?r),World (sans?r)
????? (virodh),Resistance (virodh)
???? (rakhn?),Take (rakhn?)
????????? (pra?ik?a?),Training (pra?ik?a?)
??? (sa?gh),Union (sa?gh)
??? (ban?),Bunny (ban?)
?????? (p?thv?),Earth (p?thv?)
????? (?rj?),Energy (?rj?)
???? (hamne),We (hamne)
???????? (v?stavik),Real (v?stavik)
????? (sahyog),Cooperation (sahyog)
??? (tel),Oil (tel)
???? (avdhi),Duration (avdhi)
??? (s?t),Seven (s?t)
???? (lagte),Start (lagte)
????? (m?rg),Route (m?rg)
??? (band),Close (band)
??????? (praclit),Passable (praclit)
?????? (sa?ghar?),Conflict (sa?ghar?)
???? (di??),Direction (di??)
????? (sthit),Located (sthit)
???? (bai?h?),Sitting (bai?h?)
?????? (var?õ),Years (var?õ)
??????? (adhik?n?),Most (adhik?n?)
???? (??d?),Wedding (??d?)
??????? (v?t?vra?),Environment (v?t?vra?)
????? (tuln?),Compare (tuln?)
????? (r?j?v),Rajiv (r?j?v)
?????? (s?dh?ra?),Simple (s?dh?ra?)
???????? (samp?r?),Total (samp?r?)
???????? (r?jasth?n),Rajasthan (r?jasth?n)
??? (saphal),Successful (saphal)
????? (kitne),How many (kitne)
???? (v?pas),Back (v?pas)
?????? (m?nsik),Mental (m?nsik)
??????? (parampar?),Tradition (parampar?)
???? (bole),Bole (bole)
??? (b?j),Seeds (b?j)
??? (khel),Game (Khel)
??? (a?g),Organ (a?g)
???? (bai?hak),Meeting (bai?hak)
????? (jar?rat),Need (jar?rat)
??????? (gr?m??),Rural (gr?m??)
???? (ink?),They (ink?)
??? (kath?),Legend (kath?)
??? (?yu),Age (?yu)
?????? (b?tc?t),Conversation (b?tc?t)
???????? (prabh?vit),Affected (prabh?vit)
????????? (nirdh?rit),Set (nirdh?rit)
????? (nik?l),Remove (nik?l)
???? (gha?n?),Event (gha?n?)
????? (kitn?),How (kitn?)
??? (kavi),Poet (kavi)
???? (rakt),Blood (rakt)
?????? (b?lkõ),Children (b?lkõ)
????? (kis?n),Farmer (kis?n)
????? (icch?),Wish (icch?)
??? (?y?),Come (?y?)
??? (baje),Pm (Baje)
????? (cehre),Facial (cehre)
??? (gu?),Properties (gu?)
???? (?k?r),Size (?k?r)
???? (h?day),Heart (h?day)
??? (r?j),Secrets (r?j)
??? (m?r),Kill (m?r)
???? (cuk?),Stack (cuk?)
?????? (y?tr?),Travel (y?tr?)
???? (na??),Deleted (na??)
???? (khet?),Farming (khet?)
???? (subah),Morning (Subah)
??? (nay?),New (nay?)
??????? (jinh?),That (jinh?)
????? (?rambh),Start (?rambh)
????? (sunkar),Listening (Sunkar)
???? (v?yu),Air (v?yu)
??? (najar),Eye (Najar)
????? (tho??),Little (tho??)
???? (kh?l?),Blank (kh?l?)
? (om),(OM)
??? (khoj),Search (khoj)
???? (ekdam),Sharp (ekdam)
?????????? (vyaktiyõ),Individuals (vyaktiyõ)
???????? (r?jn?tik),Political (r?jn?tik)
????? (??kh?),Eyes (?kh?)
??????? (sambandhit),Related (sambandhit)
??? (tej),Bright (Tej)
??? (jar?),Just (jar?)
?????????? (vyaktitva),Personality (vyaktitva)
??? (badal),Change (Badal)
???? (sav?l),Question (sav?l)
???????? (upbhokt?),Consumer (upbhokt?)
??? (upaj),Yield (upaj)
??? (sukh),Happiness (sukh)
????? (m?nte),Assuming (m?nte)
???? (mak?n),Houses (mak?n)
???? (tej?),Fast (tej?)
????? (jul??),July (jul??)
??????? (prayatna),Try (prayatna)
????? (devt?),God (devt?)
????? (j?nte),Know (j?nte)
????? (kap?e),Clothes (kap?e)
???? (sambhav),Possible (sambhav)
???? (sakt?),Can (sakt?)
??? (madad),Help (Madad)
?????? (v?stav),Actually (v?stav)
???? (nika?),Close (nika?)
???? (calte),Go (calte)
???? (b?k?),The rest (b?k?)
??? (soc),Thinking (soc)
????? (samast),All (samast)
????? (sadasya),Member (sadasya)
???? (ka?hin),Hard (ka?hin)
??? (are),Hey (are)
??????? (r?jyõ),States (r?jyõ)
??? (nay?),New (nay?)
???? (s?dhe),Straight (s?dhe)
??? (ph?l),Flowers (ph?l)
????? (kisma),Variety (kisma)
???? (abh?v),Lack (abh?v)
????? (jar?r?),MUST (jar?r?)
???? (sen?),Army (sen?)
???? (?ram),Labor (?ram)
?????? (vide??),Foreign (vide??)
??? (b?l),Child (b?l)
?????? (pur?ne),Old (pur?ne)
????? (kintu),But (Kintu)
??????? (vist?r),Extension (vist?r)
????? (j?eg?),Will (j?eg?)
???? (cho??),Small (cho??)
??????? (vanaspati),Vegetable (vanaspati)
???? (kharc),Expenses (kharc)
??? (p?r),Cross (p?r)
??????? (adhik?r?),Officer (adhik?r?)
???? (calne),Run (Calne)
??? (???),Hope (???)
????? (sudh?r),Correction (sudh?r)
????? (vi??l),Giant (vi??l)
?????? (p?rti),Fulfillment (p?rti)
??? (??l),Put (??l)
????? (j?nt?),Know (j?nt?)
????? (mahs?s),Feel (mahs?s)
??? (bol),Bol (Bol)
?????? (prat?t),Appears (prat?t)
??????? (adhyak?),President (adhyak?)
????? (s?khne),Learning (s?khne)
???? (var?),Characters (var?)
?????? (vy?pak),Wide (vy?pak)
?????? (bhavi?ya),Future (bhavi?ya)
????? (dhvani),Sound (dhvani)
???????? (prayukt),Used (prayukt)
?????? (prac?r),Promotions (prac?r)
????? (py?r),Love (py?r)
?????? (?ik?a?),Teaching (?ik?a?)
??? (?e?),Balance (?e?)
????? (m?rc),March (m?rc)
?????? (duniy?),World (duniy?)
????? (khy?l),Care (khy?l)
?????? (pragti),Progress (pragti)
??? (gais),Gas (Gais)
?????? (lag?t?r),Constant (lag?t?r)
??? (taur),Mark (Taur)
?????? (unh??),Those (unh?)
???????? (surak?it),Safe (surak?it)
??? (sabh?),House (sabh?)
??? (lau?),Return (lau?)
???? (l?gat),Cost (l?gat)
????? (ban?ye),Maintaining (ban?ye)
???? (dard),Pain (dard)
???? (?khir),After (?khir)
???? (soc?),Thought (soc?)
??? (d?),Let (d?)
??? (c?j),Thing (c?j)
?????? (kalpan?),Imagine (kalpan?)
?????? (lak?ya),Target (lak?ya)
??? (c?y),Tea (c?y)
??? (kh?b),Brilliant (kh?b)
??????? (?r?mt?),Mrs. (?r?mt?)
???? (l?ne),Bring (l?ne)
????? (mukt),Free (mukt)
?????? (buddhi),Intellect (buddhi)
?????? (pa?cim),West (pa?cim)
??? (khet),Farm (khet)
???? (hon?),Be (hon?)
????? (c?ht?),A (c?ht?)
??????? (upyukt),Suitable (upyukt)
??? (ant),End (ant)
???? (s?dhan),Means (s?dhan)
????? (sa?ket),Signal (sa?ket)
??????? (vastuõ),Objects (vastuõ)
????? (m?mle),Case (m?mle)
????? (ban?kar),By (ban?kar)
??? (sahaj),Seamless (Sahaj)
??? (sad?),Perpetual (sad?)
??????? (??r?rik),Body (??r?rik)
???? (paka?),Hold (paka?)
???? (up?y),Item (up?y)
??????? (sansth?n),Institute (sansth?n)
????? (saphalt?),Success (saphalt?)
???? (b?b?),Babu (b?b?)
???????? (tumh?r?),Your (tumh?r?)
??? (bh?l),Forgot (bh?l)
????? (?tm?),Spirit (?tm?)
??????? (vic?rõ),Ideas (vic?rõ)
??? (rakh?),Laid (rakh?)
?????? (bh?mik?),Role (bh?mik?)
??? (pair),Feet (pair)
??? (kare),To (kare)
????? (h?thõ),Hands (h?thõ)
??? (bhavan),Building (Bhavan)
???? (niyam),Rule (niyam)
??? (dil),Heart (dil)
?????? (takn?k?),Technical (takn?k?)
????? (jisk?),Which (jisk?)
???? (?i?u),Baby (?i?u)
???? (vyay),Expenses (vyay)
??? (pe?),Stomach (pe?)
???? (n?nd),Sleep (n?nd)
?????? (net?õ),Leaders (net?õ)
???? (andar),Inside (andar)
???? (l?g?),Apply (l?g?)
???? (banne),Become (banne)
????? (tvac?),Skin (tvac?)
???? (g?yan),Singing (g?yan)
??????? (r?jn?ti),Politics (r?jn?ti)
??? (jam?),Deposit (jam?)
?????? (suvidh?),Feature (suvidh?)
????? (bor?),Board (bor?)
????? (k?n?n),Law (k?n?n)
???? (?uru),Start (?uru)
???? (lekhak),Author (lekhak)
?????? (b?vj?d),Despite (b?vj?d)
???? (kram),Order (Kram)
???? (lagne),Injuries (lagne)
????? (tumne),You (tumne)
??? (h?l),Recently (h?l)
????? (sambhav),Possible (sambhav)
?????? (s?e?an),Station (s?e?an)
???? (agle),Next (Agle)
?????? (r?ste),Way (r?ste)
???????? (masti?k),Brain (masti?k)
???? (garm),Hot (Garm)
?????? (sambandh?),The (sambandh?)
???? (y?n?),Ie (y?n?)
?????? (pur?n?),Old (pur?n?)
?????? (citra?),Illustration (citra?)
?????????? (adhik?riyõ),Authorities (adhik?riyõ)
??????? (sansk?t),Sanskrit (sansk?t)
??? (sun),Either (sun)
???? (yuvak),Youth (yuvak)
??? (p??h),Text (p??h)
??????? (sth?nõ),Locations (sth?nõ)
????? (var??),Rain (var??)
???? (rakhkar),By (rakhkar)
??? (pa?u),Animals (pa?u)
??????? (kis?nõ),Farmers (kis?nõ)
????? (satt?),Power (satt?)
???????? (pr?pti),Receipt (pr?pti)
??? (dav?),Medicine (dav?)
??? (kh?s),Special (kh?s)
????? (kame??),Committee (kame??)
??? (a?k),Points (a?k)
???? (h?ni),Loss (h?ni)
??? (saral),Simple (Saral)
?????? (siñc??),Irrigation (siñc??)
????? (?ik?r),Hunting (?ik?r)
????? (v?k?),Tree (v?k?)
?????? (kare?ge),Will (kare?ge)
???????? (audyogik),Industrial (audyogik)
?????? (?dh?rit),Based (?dh?rit)
????? (haty?),Murder (haty?)
?????? (sahk?r?),Cooperative (sahk?r?)
????? (vivra?),Description (vivra?)
??? (roj),Rose (Roj)
????? (mujhse),Me (Mujhse)
??? (?n?),Come (?n?)
???? (mausam),Weather (Mausam)
????? (??khõ),Eyes (?khõ)
????? (?uddh),Net (?uddh)
??? (bhed),Distinction (bhed)
?????? (vipr?t),Unlike (vipr?t)
????? (lamb?),Long (lamb?)
????? (ban?n?),Making (ban?n?)
????????? (d???iko?),Approach (d???iko?)
??? (galat),Wrong (Galat)
?????? (samarthan),Support (samarthan)
??????? (sammelan),Conference (sammelan)
????? (sacmuc),Literally (sacmuc)
????? (buddh),Buddha (Buddh)
????? (bacc?),Child (bacc?)
????? (d?v?r),Wall (d?v?r)
????? (??khõ),Eyes (?khõ)
?????? (adhy?y),Chapter (adhy?y)
??????? (atyadhik),Excessive (atyadhik)
???? (sahit),Including (Sahit)
??? (yog),Yoga (yog)
??? (mukh),Home (mukh)
????? (bih?r),Bihar (bih?r)
????? (k?vya),Poetry (k?vya)
???????? (siddh?nt),Theory (siddh?nt)
????????? (s?rvajnik),Public (s?rvajnik)
??? (laghu),Short (laghu)
??? (bat?),Tell (bat?)
?????? (paraspar),Mutual (paraspar)
??? (t?r),Wire (t?r)
????? (c?r?),Powder (c?r?)
????? (?yojan),Events (?yojan)
?????????? (s?nsk?tik),Cultural (s?nsk?tik)
????? (samajhne),Understanding (samajhne)
????? (v?dya),Instrumental (v?dya)
?????? (prat?k),Symbol (prat?k)
???????? (tumh?r?),Your (tumh?r?)
????? (ch?tra),Students (ch?tra)
??? (cup),Quiet (cup)
????? (aksar),Often (Aksar)
?????? (j?yeg?),Will (j?yeg?)
??? (rakhe),Put (rakhe)
??? (bh?r),Weight (bh?r)
???? (phalõ),Fruit (phalõ)
????? (j?vit),Alive (j?vit)
???? (?jkal),Nowadays (?jkal)
??????? (vist?t),Wide (vist?t)
??? (gir),Fall (gir)
???? (gur?),Guru (gur?)
????? (kh?dya),Food (kh?dya)
??? (utar),Off (utar)
??????? (amerik?),US (amerik?)
???? (sun?),Heard (sun?)
??????? (sth?n?ya),Local (sth?n?ya)
?????? (vi?yõ),Themes (vi?yõ)
???? (gha??e),Hours (gha??e)
????? (kar?ne),Providing (kar?ne)
???? (utn?),More (utn?)
??????? (?at?bd?),Century (?at?bd?)
??????? (vyavs?y),Business (vyavs?y)
????? (mandir),Temple (Mandir)
????? (paricay),Introduction (paricay)
?????? (g?mvõ),Villages (g?mvõ)
???? (b?ndh),Tie (b?ndh)
?????? (ni?cay),Surely (ni?cay)
????? (upakra?),Equipment (upakra?)
??????????? (?ta?kv?diyõ),Terrorists (?ta?kv?diyõ)
????? (vaidik),Vedic (vaidik)
????? (bh?gõ),Parts (bh?gõ)
??? (an?),Digits (an?)
????? (s?tra),Formula (s?tra)
????? (vividh),Miscellaneous (vividh)
???? (b?rah),Twelve (b?rah)
???????? (phalasvar?p),Consequently (phalasvar?p)
??? (k??),Cut (k??)
?????? (adhiktar),Most (adhiktar)
????????? (sv?bh?vik),Naturally (sv?bh?vik)
????? (v?kya),Sentences (v?kya)
???? (bai?h?),Sitting (bai?h?)
???????????? (paristhitiyõ),Conditions (paristhitiyõ)
????? (s?rya),Sun (s?rya)
????? (?atru),Enemy (?atru)
???????? (pattiyõ),Leaves (pattiyõ)
?????? (niyojan),Planning (niyojan)
?????? (granth),Book (Granth)
??? (kah?),Said (kah?)
???? (umra),Age (umra)
????? (agni),Fire (agni)
??? (sikh),Sikh (Sikh)
??? (b?p),Father (b?p)
????????? (p?kist?n),Pakistan (p?kist?n)
??????? (pa?c?t),After (pa?c?t)
?????? (cint?),Anxiety (cint?)
?????? (?yojit),Held (?yojit)
???? (yah??),Here (yah?)
??????? (v?dyõ),Instruments (v?dyõ)
??????? (musalm?n),Muslims (musalm?n)
??? (bhej),Send (bhej)
???? (bai?k),Bank (bai?k)
???? (n?r?),Woman (n?r?)
????? (antim),Last (Antim)
?????? (samudra),Ocean (Samudra)
?????? (sa?grah),Collection (sa?grah)
???? (let?),Picks (let?)
????? (d??ya),View (d??ya)
??? (kh?d),Composting (kh?d)
?????? (?locn?),Criticism (?locn?)
?????? (haik?ar),Ha (haik?ar)
?????? (virodh?),Anti (virodh?)
??????? (pa?cim?),Western (pa?cim?)
??? (dh?n),Paddy (dh?n)
??? (??k),Post (??k)
??? (kadam),Step (Kadam)
???? (?k??),Sky (?k??)
?????? (sth?y?),Standing (sth?y?)
????? (vitra?),Distribution (vitra?)
??? (van?),Dynasty (van?)
??? (rok),Stop (rok)
??????? (prer??),Inspiration (prer??)
???? (c?n?),Chinese (c?n?)
??? (aurat),Woman (aurat)
?????? (aprail),April (aprail)
???????? (aniv?rya),Essentials (aniv?rya)
???? (sak?),Can (sak?)
????? (mahil?),Women (mahil?)
????? (pahc?n),Identity (pahc?n)
?????? (kram?a?),Respectively (kram?a?)
????? (sainik),Soldier (Sainik)
??? (vajah),Because (vajah)
????? (lak??),Wood (lak??)
????? (rupye),Rs (rupye)
???? (ba?h?),Increase (ba?h?)
??? (p??h),Back (p??h)
??? (p??),Pie (p??)
?????? (??k?ar),Doctor (??k?ar)
??????? (sampark),Contact (sampark)
??? (v??),Th (v?)
?????? (m?nn?ya),Honorable (m?nn?ya)
????????? (m?ly??kan),Evaluation (m?ly?kan)
??? (g?y),Cow (g?y)
???? (k?a?),Moment (k?a?)
???? (h?lat),Condition (h?lat)
?????? (sandarbh),Reference (sandarbh)
??? (b?s),Twenty (b?s)
??? (do?),Fault (do?)
??? (j?v),Creatures (j?v)
??????? (citrit),Painted (citrit)
??? (kh?n),Khan (kh?n)
???? (khu??),Happiness (khu??)
?????? (rojg?r),Employment (rojg?r)
??????? (ripor?),Report (ripor?)
???????? (mantr?lay),Ministry (mantr?lay)
???????? (pr?thmik),Primary (pr?thmik)
????????? (pradar?it),Display (pradar?it)
????? (dh?r??),Assumption (dh?r??)
??? (t?l),Cadence (t?l)
???? (ja?gal),Forest (ja?gal)
??? (sak?),Could (sak?)
??? (y?n),Yan (y?n)
?????? (upakram),Enterprise (upakram)
????? (a?kit),Face (a?kit)
??? (?iv),Shiva (?iv)
????? (ty?g),Disclaimer (ty?g)
????? (jisne),Which (jisne)
??? (garam),Hot (Garam)
?????? (sam?c?r),News (sam?c?r)
???? (??kh?),Branch (??kh?)
???? (bur?),Bad (bur?)
???? (??l?),Put (??l?)
??? (j?n),June (j?n)
????? (gy?t),Known (gy?t)
???? (garbh),Pregnancy (garbh)
??????????? (karmac?riyõ),Employees (karmac?riyõ)
?????? (m?mlõ),Cases (m?mlõ)
???? (baj?y),Instead (baj?y)
????? (tar?ke),Methods (tar?ke)
????? (?dar?),Model (?dar?)
?????? (hiss?),Share (hiss?)
?????? (sãracn?),Structure (sãracn?)
?????? (spar?),Touch (spar?)
????? (janavr?),January (janavr?)
???????? (citrakl?),Painting (citrakl?)
?????? (caritra),Character (caritra)
????????? (k?etr?ya),Regional (k?etr?ya)
???? (ky?),Q (ky?)
???? (rakht?),Puts (rakht?)
?????? (bikr?),Sale (bikr?)
???????? (pustakõ),Books (pustakõ)
??????? (nirmit),Created (nirmit)
??? (jain),Jain (Jain)
??? (gale),Throat (gale)
???? (gr?),G (gr?)
???? (khar?b),Poor (khar?b)
??? (karo),Women (Karo)
????? (kak??),Class (kak??)
??????? (??carya),Surprise (??carya)
?????? (r?st?),Way (r?st?)
????? (yukt),Containing (yukt)
???? (ban?e),Maintain (ban?e)
???? (be??),Son (be??)
???? (be?e),Son (be?e)
??????? (prabandh),Management (prabandh)
?????????? (nimnalikhit),Following (nimnalikhit)
????? (cehr?),Face (cehr?)
?????? (arjun),Arjun (Arjun)
?????? (samm?n),Respect (samm?n)
?????? (yath?rth),Reality (yath?rth)
??? (bah?),Daughter (bah?)
???????? (dhvaniyõ),Sounds (dhvaniyõ)
????????? (jinhonne),Who (jinhonne)
???? (ch?y?),Shadow (ch?y?)
??? (khabar),News (khabar)
???? (sa?ka?),Crisis (sa?ka?)
???? (be??),Daughter (be??)
????? (pa?uõ),Animals (pa?uõ)
??? (ati),ATI (ati)
????? (samajht?),Considers (samajht?)
????? (rokne),Stop (rokne)
????? (bhakti),Devotion (bhakti)
??? (da??),Condition (da??)
???? (calt?),Moving (calt?)
??? (gh?s),Grass (gh?s)
??? (kathan),Statement (Kathan)
????? (s?m?n),Accessories (s?m?n)
?????? (majd?r?),Wages (majd?r?)
??? (bhar?),Filled (bhar?)
?????? (bilkul),All (Bilkul)
?????? (d?srõ),Others (d?srõ)
???? (gar?b),Poor (gar?b)
???????? (astitva),Survival (astitva)
????? (akele),Solo (akele)
???????? (saundarya),Beauty (saundarya)
????? (s?hs?),Courageous (s?hs?)
????? (samajhte),Understand (samajhte)
??????? (vidyut),Power (vidyut)
???? (likh?),Written (likh?)
???? (n??ak),Drama (n??ak)
??? (dh?p),Sunshine (dh?p)
?????? (darv?je),Doors (darv?je)
????? (kamjor),Weak (kamjor)
??? (?dat),Habit (?dat)
????????? (samprad?y),Creed (samprad?y)
??? (?odh),Research (?odh)
??? (v?r),Veer (v?r)
????? (rupy?),Rupee (rupy?)
??? (maut),Death (maut)
??? (bhale),Even (bhale)
??????? (prasanna),Delight (Prasanna)
???? (nij?),Private (nij?)
??????? (j?tiyõ),Nations (j?tiyõ)
????? (g?tõ),Songs (g?tõ)
??? (k??),Pest (k??)
???? (utn?),As (utn?)
?????? (abhy?s),Practice (abhy?s)
????? (ra?gõ),Colors (ra?gõ)
??????? (m?nyat?),Recognition (m?nyat?)
????? (majb?t),Strong (majb?t)
???? (bh??),Rush (bh??)
?????? (niymõ),Rules (niymõ)
???? (u?ht?),Arises (u?ht?)
????? (?nand),Joy (?nand)
??? (vi?),Venom (vi?)
??? (pra),Q. (pra)
???? (tam?m),All (tam?m)
????? (cinha),Sign (cinha)
????? (sthir),Stable (sthir)
???? (?ar?b),Alcohol (?ar?b)
??????????? (vaigy?nikõ),Scientists (vaigy?nikõ)
?????? (pahuñc?),Reached (pahuñc?)
?????? (niymit),Regular (niymit)
???? (nav?n),New (nav?n)
???? (gahr?),Deep (gahr?)
????? (??m?),Heat (??m?)
????? (uttam),Best (Uttam)
??????? (??stra),Science (??stra)
??? (m?h),Month (m?h)
????? (m?lik),Owner (m?lik)
??? (bhal?),Good (bhal?)
??? (bhare),Filled (bhare)
???? (ban??),Created (ban??)
????? (gar?b?),Poverty (gar?b?)
??????? (?ndolan),Movement (?ndolan)
?????? (vidy?),Lore (vidy?)
????????? (p?riv?rik),Family (p?riv?rik)
???? (to?),Break (to?)
????? (c?j?),Things (c?j?)
???? (ka?hor),Rigid (ka?hor)
?????? (anup?t),Ratio (anup?t)
??????? (hariy???),Haryana (hariy???)
??????? (sampanna),Perform (sampanna)
????? (vidh?n),Legislation (vidh?n)
??? (r?y),Comments (r?y)
?????? (turant),Instantly (turant)
??? (?pas),Interconnect (?pas)
???? (adh?n),Subject (adh?n)
?????? (?ik?ak),Teacher (?ik?ak)
???? (vijay),Vijay (Vijay)
??? (lekh),Article (Lekh)
????? (mahoday),Sir (mahoday)
?? (bh?),Also (bh?)
????? (pharavr?),February (pharavr?)
????? (pitt),Gall (Pitt)
????????? (pratyak?),Direct (pratyak?)
???? (tark),Logic (Tark)
??? (jel),Gel (jel)
?????? (cupc?p),Quietly (cupc?p)
??? (kar?),Make (kar?)
?????? (anuk?l),Friendly (anuk?l)
?????? (vi??u),Vishnu (vi??u)
??? (yõ),S (yõ)
??? (bh?kh),Hunger (bh?kh)
???? (b?ns),Bamboo (b?ns)
???? (bant?),Becoming (bant?)
???? (bankar),As (bankar)
????? (bai?hkar),Sitting (bai?hkar)
????? (p?tra),Eligible (p?tra)
?????? (p?rv?),Eastern (p?rv?)
?????? (ka?hin??),Difficulty (ka?hin??)
??????? (ity?di),Etc. (ity?di)
??????? (sadasyõ),Members (sadasyõ)
????? (m?tra),Urine (m?tra)
??? (bhar?),Full (bhar?)
???? (bur?),Bad (bur?)
????? (gho???),Announcement (gho???)
??? (khol),Shell (khol)
??? (khu?),Happy (khu?)
????? (khetõ),Farms (khetõ)
??? (ko?),Thesaurus (ko?)
??????? (upasthit),Present (upasthit)
?????????? (abhivyakti),Expression (abhivyakti)
??????? (?re??h),Best (?re??h)
??? (n?g),Snake (n?g)
??? (n?k),Nose (n?k)
???? (j?t?),Is (j?t?)
??? (ch??),Discounts (ch??)
???? (gharõ),Houses (gharõ)
??? (kh?n),Blood (kh?n)
????? (kareg?),Will (kareg?)
???? (ut?r),UPS (ut?r)
????? (apr?dh),Crime (apr?dh)
??????? (adhiniyam),Act (adhiniyam)
???? (s?has),Courage (s?has)
????????? (sarvapratham),First (sarvapratham)
????? (pa?h??),Studies (pa?h??)
?????? (dikh?y?),See (dikh?y?)
??? (dukh),Suffering (Dukh)
????? (agast),August (agast)
???? (s?th?),Buddies (s?th?)
?????? (sakriy),Active (sakriy)
????? (pa?hne),Reading (pa?hne)
??? (pa?h),Read (pa?h)
???? (c?l?),Current (c?l?)
??? (?dh?),Half (?dh?)
???????? (samitiyõ),Committees (samitiyõ)
???? (s?c?),List (s?c?)
?????? (vivecan),Considerations (vivecan)
?????????? (manovigy?n),Psychology (manovigy?n)
?????? (pahuñce),Arrived (pahuñce)
???????? (pustak?),Books (pustak?)
?????? (ki?or?),Teenager (ki?or?)
?????? (isp?t),Steel (isp?t)
????? (s?mn?),Facing (s?mn?)
???????? (vy?khy?),Interpretation (vy?khy?)
??? (phu?),Ft (phu?)
????? (dim?g),Brain (dim?g)
???????? (karmac?r?),Employees (karmac?r?)
??? (asar),Effect (asar)
???? (aphsar),Officer (aphsar)
??? (satah),Surface (satah)
??????? (vicitra),Bizarre (vicitra)
??? (bail),Bullock (bail)
??? (tahat),Under (tahat)
????????? (kendrõ),Centers (kendrõ)
???? (amla),Acid (amla)
??????? (sãrak?a?),Protection (sãrak?a?)
????? (sunne),Audio (Sunne)
???? (v???),Oracle (v???)
???? (lohe),Iron (Lohe)
????? (yantra),Instrument (yantra)
??????????? (bh???vigy?n),Linguistics (bh???vigy?n)
????? (bolne),Speaking (bolne)
??? (bodh),Perception (bodh)
??????? (prak??an),Publishing (prak??an)
???? (d?d?),Grandpa (d?d?)
??? (???),Broken (???)
??? (carak),Charak (carak)
???? (kh?te),Account (kh?te)
??? (k?n),Cannes (k?n)
???????? (udyogõ),Industries (udyogõ)
?????? (?krama?),Invasion (?krama?)
????????? (a?grejõ),British (a?grejõ)
??????? (sambh?vn?),Chance (sambh?vn?)
??? (yath?),As (yath?)
???? (bhej?),Sent (bhej?)
????? (ban?te),Make (ban?te)
???? (nare?),King (nare?)
?? (do),Two (do)
???? (cor?),Theft (cor?)
???????? (citrak?r),Painter (citrak?r)
??? (kahe),Says (kahe)
????????? (svatantra),Free (svatantra)
???? (s?raj),Sun (s?raj)
??????? (s?k?ma),Micro (s?k?ma)
??????? (vi?e?t?),Specialty (vi?e?t?)
??? (likh),Write (likh)
??? (m?s),Mass (m?s)
?????? (pañc?yat),Panchayat (pañc?yat)
??? (cara?),Step (cara?)
??? (gal?),Alley (gal?)
???? (khule),Open (khule)
?????? (kurs?),Chair (kurs?)
??????? (sandarbh),References (sandarbh)
??????? (strot),Source (strot)
???????? (varg?kra?),Classification (varg?kra?)
??????? (mah?bh?rat),Mahabharata (mah?bh?rat)
??? (phail),Spread (phail)
??? (pe?),Present (pe?)
???????????? (praudyogik?),Technology (praudyogik?)
????? (pur??),Purana (pur??)
???????? (nirdh?ra?),Determination (nirdh?ra?)
??? (c?n),China (c?n)
?????? (?ik?yat),Complaint (?ik?yat)
???????? (vidy?lay),School (vidy?lay)
??????? (vastuta?),Virtually (vastuta?)
???? (l?y?),Brought (l?y?)
??? (bahan),Sister (Bahan)
????? (pak??),Birds (pak??)
??????? (niry?t),Export (niry?t)
?? (n?),No (n?)
???? (j?ye),Let (j?ye)
????? (jyõ),As (jyõ)
????? (cakkar),Dizziness (cakkar)
???? (gol?),Tablet (gol?)
?????? (kaly??),Welfare (kaly??)
????? (krodh),Anger (krodh)
????? (kar?y?),Made (kar?y?)
???? (i?k?),Inca (i?k?)
???? (s?dh?),Direct (s?dh?)
????? (sañc?r),Communication (sañc?r)
??????? (viruddh),Against (viruddh)
????????? (vidv?nõ),Scholars (vidv?nõ)
????? (lambe),Long (Lambe)
?????? (bhugt?n),Payment (bhugt?n)
???? (tujhe),You (tujhe)
??? (cayan),Select (cayan)
????? (gho?e),Horses (gho?e)
??????? (ucc?ra?),Pronounced (ucc?ra?)
???? (sone),Gold (sone)
???? (mauk?),Chance (mauk?)
???? (mo?e),Coarse (mo?e)
???? (bh??a?),Speech (bh??a?)
????? (nikl?),Out (nikl?)
??????? (devt?õ),Gods (devt?õ)
???????? (utpatti),Genesis (utpatti)
???? (?ahr?),Urban (?ahr?)
????? (?akti),Power (?akti)
?????????? (r???rapti),President (r???rapti)
?????? (mah?r?j),Chef (mah?r?j)
?????? (mandir),Temple (Mandir)
?????? (indra),Indra (Indra)
???????? (apek?it),Wanted (apek?it)
??????? (antargat),Under (antargat)
???? (aj?b),Strange (aj?b)
??????? (sansk?r),Rite (sansk?r)
?????? (sam?dh?n),Solutions (sam?dh?n)
??? (??l),Colic (??l)
???? (likhe),Written (likhe)
????? (raheg?),Will (raheg?)
???? (rame?),Ramesh (rame?)
??? (ja?),Root (ja?)
????? (adhigam),Learning (adhigam)
???????? (sarv?dhik),Most (sarv?dhik)
????? (m?nt?),Considers (m?nt?)
??????? (mantr?),Minister (mantr?)
???? (b??h),Flood (b??h)
??? (baja?),Budget (baja?)
?????? (nuks?n),Loss (nuks?n)
????? (tho?e),Kinda (tho?e)
??? (j?l),Trap (j?l)
????? (j?nne),Knowing (j?nne)
?????? (kampan?),Company (kampan?)
???? (kak?),Room (kak?)
??????? (upkar?õ),Devices (upkar?õ)
??????? (utpanna),Generated (utpanna)
???? (u?hkar),Rise (u?hkar)
???? (isko),It (isko)
????????? (s?mr?jya),Empire (s?mr?jya)
?????? (san?odhan),Amendment (san?odhan)
?????? (r?j?õ),Kings (r?j?õ)
????? (pasand),Like (Pasand)
??????? (ch?trõ),Students (ch?trõ)
???? (gahr?),Brown (gahr?)
????????? (kilogr?m),KG (kilogr?m)
????? (k?lej),College (k?lej)
????????? (ullekhn?ya),The (ullekhn?ya)
??????? (uplabdhi),Availability (uplabdhi)
?????? (uts?h),Enthusiasm (uts?h)
????? (majd?r),Workers (majd?r)
????????? (pr?rthan?),Prayer (pr?rthan?)
??????? (chi?k?v),Spraying (chi?k?v)
?????? (samud?y),Community (samud?y)
??? (?oth),Inflammation (?oth)
????? (lorik),Lorik (Lorik)
????? (bauddh),Buddhist (bauddh)
??? (b?g),Orchard (b?g)
??? (bac?),Save (bac?)
?????? (pah???),Hill (pah???)
?????????? (prots?han),Incentive (prots?han)
????? (prabal),Strong (prabal)
???????? (pad?rthõ),Substances (pad?rthõ)
????? (p?ñj?),Capital (p?ñj?)
??? (jagat),World (Jagat)
??? (ghol),Solution (ghol)
???? (ekt?),Unity (ekt?)
????? (socne),Think (socne)
????????? (s?m?nyata?),Generally (s?m?nyata?)
?????????? (svatantrat?),Freedom (svatantrat?)
??????? (vitt?ya),Financial (vitt?ya)
????? (m?nkar),Assuming (m?nkar)
????? (bhautik),Physical (bhautik)
????????? (p??hyakram),Course (p??hyakram)
???????????? (pari??masvar?p),As a result (pari??masvar?p)
????? (parvat),Mountain (parvat)
???? (tal??),Wanted (tal??)
??? (god),Baby (god)
??????? (g?ndh?j?),Gandhi (g?ndh?j?)
?? (k?),The (k?)
??????????????? (antarr???r?ya),International (antarr???r?ya)
??? (sahan),Bear (Sahan)
??? (?er),Lion (?er)
???? (vais?),So (vais?)
?????? (vastra),Clothing (Vastra)
??????? (lak?m?),Lakshmi (lak?m?)
??? (r?k),Rook (r?k)
?????? (mukti),Liberation (mukti)
??????? (pro??n),Protein (pro??n)
???? (calkar),Later (calkar)
????? (gambh?r),Severe (gambh?r)
??? (?dh?),Half (?dh?)
???? (a?kan),Marking (a?kan)
????? (hind?),Hindi (hind?)
????? (??nt),Quiet (??nt)
????? (??nti),Peace (??nti)
?????? (vargõ),Sections (vargõ)
??????? (v?k?õ),Trees (v?k?õ)
????? (rogõ),Diseases (rogõ)
????? (bamba?),Bombay (bamba?)
????? (prath?),Practice (prath?)
????? (c?jõ),Things (c?jõ)
???? (ataev),Therefore (ataev)
???? (sakt?),Can (sakt?)
??????? (mahil?õ),Women (mahil?õ)
????? (b?hya),External (b?hya)
??????? (prerit),Driven (prerit)
????? (nihit),Contained (nihit)
?????? (dikh?y?),Shown (dikh?y?)
????? (??lne),Insert (??lne)
???? (?e?h),Half (?e?h)
??? (gair),Non (Gair)
???????? (sampatti),Property (sampatti)
??????? (?raddh?),Shraddha (?raddh?)
?????? (v?rt?),Dialogue (v?rt?)
?????? (la?kõ),Boys (la?kõ)
????? (m?nne),Accept (m?nne)
??? (mujh),Me (Mujh)
??? (namak),Salt (Namak)
??? (chavi),Image (chavi)
???? (c?c?),Uncle (c?c?)
??? (calo),Let (Calo)
????? (kareg?),Will (kareg?)
?????? (him?cal),HP (him?cal)
?????? (smit?),Smita (smit?)
???? (sthal),Site (Sthal)
???? (rakht?),Holds (rakht?)
??? (rakam),Amount (rakam)
??????? (pahuñcne),Access (pahuñcne)
???? (n?n?),Nana (n?n?)
?????? (darv?j?),Door (darv?j?)
????? (duk?n),Shop (duk?n)
??? (?hos),Solid (?hos)
??? (jeb),Pocket (Jeb)
?????? (cintan),Thinking (cintan)
????? (garm?),Heat (garm?)
???? (khar?d),Buying (khar?d)
??????? (kr?nti),Revolution (kr?nti)
??? (?tu),Season (?tu)
????? (sun??),Narrated (sun??)
?????????? (vidy?lyõ),Schools (vidy?lyõ)
????? (likhne),Write (likhne)
???? (lakhna?),Lucknow (lakhna?)
??? (r?g),Melody (r?g)
??? (baras),Year (Baras)
???? (braj),Brij (Braj)
?????? (pa?c?t),After (pa?c?t)
???? (??l?),Cast (??l?)
??? (g?h),Home (g?h)
????? (ak?l?),SAD (ak?l?)
??????? (s?vdh?n?),Caution (s?vdh?n?)
???? (sevan),Intake (Sevan)
??????????? (svatantrat?),Independence (svatantrat?)
????? (??nya),Zero (??nya)
????????????? (vidy?rthiyõ),Students (vidy?rthiyõ)
???? (mo??),Thick (mo??)
?????????? (bhra???c?r),Corruption (bhra???c?r)
??? (deh),Body (deh)
???? (tere),You (Tere)
???????? (k?rrav??),Action (k?rrav??)
????????? (k?ryav?h?),Proceedings (k?ryav?h?)
?????? (isl?m),Islam (isl?m)
????? (??ram),Hermitage (??ram)
?????? (?kar?a?),Attractions (?kar?a?)
?????? (hisse),Part (hisse)
?????? (samr??),Emperor (samr??)
?????? (pare??n),Upset (pare??n)
????????? (parampar?gat),Conventional (parampar?gat)
??????? (disambar),December (disambar)
???????? (jansa?khy?),Population (jansa?khy?)
????? (gho?it),Declared (gho?it)
??? (??i),Sage (??i)
????? (akhb?r),Newspaper (akhb?r)
????? (r?põ),Forms (r?põ)
???? (bhasma),Consumed (bhasma)
??? (bagal),Next (bagal)
????????? (paristhiti),Situation (paristhiti)
???? (nigam),Corporation (Nigam)
?????? (n?r?ya?),Narayan (n?r?ya?)
????? (turant),Immediately (turant)
???? (?hol?),Dhola (?hol?)
????? (??lkar),Mix (??lkar)
???? (c?val),Rice (c?val)
???? (ga?e?),Ganesh (ga?e?)
??????????? (k?ryakramõ),Programs (k?ryakramõ)
??? (u?h?),Arose (u?h?)
????? (??var),God (??var)
???????? (?ta?kv?d?),Terrorist (?ta?kv?d?)
??? (??kh),Eye (?kh)
????? (ad?lat),Court (ad?lat)
???? (ho?al),Hotels (ho?al)
??? (h?r),Necklace (h?r)
?????? (haj?rõ),Thousands (haj?rõ)
????? (sandeh),Doubt (sandeh)
????????? (sa?k?ipt),Brief (sa?k?ipt)
??????? (vidv?n),Scholar (vidv?n)
???? (vrat),Fast (vrat)
????? (mahatva),Importance (mahatva)
????? (bhaya?kar),Fierce (bhaya?kar)
????? (behtar),Better (behtar)
??????? (bri?i?),British (bri?i?)
????? (priy),Dear (priy)
??????? (niyukt),Appointed (niyukt)
?????? (gambh?r),Serious (gambh?r)
???? (ukt),The (ukt)
??? (amal),Amal (Amal)
???? (hav??),Airport (hav??)
??? (hare),Green (hare)
??????????? (svar?amandir),Golden (svar?amandir)
?? (l?),Lee (l?)
????? (m?ml?),Case (m?ml?)
???? (machl?),Fish (machl?)
???? (bacpan),Childhood (bacpan)
?????? (bai?kõ),Banks (bai?kõ)
??? (p?n),Pan (p?n)
????? (pr??),Prana (pr??)
??????????? (pratikriy?),Response (pratikriy?)
?????? (j?v??u),Bacteria (j?v??u)
???? (ch?t?),Chest (ch?t?)
?????? (ga?hv?l),Garhwal (ga?hv?l)
???? (khul?),Open (khul?)
??? (k?r),Car (k?r)
???????? (kriy?õ),Actions (kriy?õ)
????? (amm?),Amma (amm?)
????? (a?gõ),Organs (a?gõ)
?????? (sandeh),Of course (sandeh)
????? (viv?d),Disputes (viv?d)
???????? (la?kiyõ),Girls (la?kiyõ)
????? (b?hr?),External (b?hr?)
???? (b?r?),Turn (b?r?)
????? (pleg),Plague (pleg)
????? (puru?),Men (puru?)
????? (dophar),Noon (dophar)
???? (tamil),Tamil (Tamil)
????? (caudhr?),Chaudhary (caudhr?)
???? (?cra?),Practices (?cra?)
???? (an?j),Cereals (an?j)
?? (h?),Nor (h?)
???? (sire),Ends (sire)
????? (s??he),½ (s??he)
????? (sãyog),Incidentally (sãyog)
?????? (vimar?),Exchanged (vimar?)
??????? (vidhiyõ),Methods (vidhiyõ)
?????????? (vy?vh?rik),Practical (vy?vh?rik)
??? (vacan),Word (vacan)
?????? (r?tri),Night (r?tri)
????? (bh?võ),Prices (bh?võ)
???? (bhe??),Visit (bhe??)
???? (bu??),Sowing (bu??)
????? (pairõ),Feet (pairõ)
?????? (pur?n?),Old (pur?n?)
????????? (prat?k??),Wait (prat?k??)
?????? (patrõ),Papers (patrõ)
?????? (pa?eg?),Will (pa?eg?)
??? (j?o),Go (j?o)
??????? (kismõ),Varieties (kismõ)
??? (kin),Qin (Kin)
??? (u?he),Rose (u?he)
?????? (?c?rya),Acharya (?c?rya)
?? (??),I (??)
??????? (aphr?k?),Africa (aphr?k?)
???? (at?t),Past (at?t)
????? (halke),Lightweight (halke)
???? (s?gar),Sea (s?gar)
??? (??h),Shah (??h)
?????? (??nti),Consoles (??nti)
????? (vide?),Foreign (vide?)
??? (vajan),Weight (vajan)
????? (l?khõ),Millions (l?khõ)
??????? (pr?rambh),Start (pr?rambh)
????????? (pr??iyõ),Beings (pr??iyõ)
??????? (nirde?),Instructions (nirde?)
???? (d?v?),Claim (d?v?)
?? (de),Safety (de)
???? (c?h?),Wills (c?h?)
???? (ud?s),Blues (ud?s)
?????? (uttar?),North (uttar?)
???? (asl?),Real (asl?)
?????? (himmat),Dare (himmat)
??? (har?),Green (har?)
????? (sneh),Affection (Sneh)
???? (??sak),Ruler (??sak)
???? (badle),Change (badle)
????? (bac?ne),Save (bac?ne)
????????? (pratinidhi),Representative (pratinidhi)
????? (daraasal),Indeed (daraasal)
?????? (dekhbh?l),Care (dekhbh?l)
??? (tane),Stem (Tane)
????? (j?nt?),Know (j?nt?)
?????? (kendra),Center (Kendra)
???? (au?dhi),Pharmaceuticals (au?dhi)
????? (utsav),Festival (Utsav)
???? (inse),They (inse)
??????? (s?thiyõ),Peers (s?thiyõ)
?????? (sans?dhan),Resources (sans?dhan)
??? (sadan),House (Sadan)
???? (s?khe),Dried (s?khe)
?????? (sa?kalp),Resolution (sa?kalp)
????????? (?akti??l?),Powerful (?akti??l?)
?????? (vyarth),Vain (vyarth)
?????? (mi?ra?),Mix (mi?ra?)
????? (boron),Boron (boron)
??????? (nik?lne),Extract (nik?lne)
??? (gh?m),Roaming (gh?m)
?????? (guss?),Angry (guss?)
????? (k?ati),Damage (k?ati)
???? (u?ht?),Rising (u?ht?)
??? (arab),Arab (Arab)
?????? (atyant),Extremely (atyant)
????? (ak?ar),Letter (ak?ar)
????????? (sansth?nõ),Institutions (sansth?nõ)
???? (supar),Super (supar)
??????? (sa?ga?hnõ),Organizations (sa?ga?hnõ)
??????? (vi?e?kar),Especially (vi?e?kar)
??? (ved),Veda (ved)
??????? (mah?r?j?),Maharaja (mah?r?j?)
??? (bharat),Bharat (Bharat)
??? (bojh),Load (bojh)
???? (b?dal),Cloud (b?dal)
???? (bay?n),Statement (bay?n)
???????? (pattiy??),Leaves (pattiy?)
??? (ca?h),Up (ca?h)
?????? (umm?d),Hope (umm?d)
??????? (upek??),Ignore (upek??)
??????????? (siddh?ntõ),Principles (siddh?ntõ)
??? (sva),Self (sva)
????? (sunte),Hear (sunte)
???? (sakte),Can (Sakte)
???? (raba?),Rubber (raba?)
??? (mel),Mail (mel)
????? (mekaap),Makeup (mekaap)
??? (bh?t),Ghost (bh?t)
???? (bante),Formed (bante)
??????? (pra?ans?),Appreciation (pra?ans?)
???????? (pratidin),Per day (pratidin)
??? (p?ch),Ask (p?ch)
???? (dab?v),Pressure (dab?v)
???? (da??),Punishment (da??)
?????? (?uk?e),Pieces (?uk?e)
????? (gahr??),Depth (gahr??)
???? (kh??c),Stretching (kh?c)
?????? (urvarak),Fertilizer (urvarak)
????? (hins?),Violence (hins?)
????? (s?dhn?),Silence (s?dhn?)
?????? (sev?õ),Services (sev?õ)
?????? (sarvath?),Downright (sarvath?)
???? (lekhan),Writing (lekhan)
??????? (pare??n?),Trouble (pare??n?)
?????? (prat?p),Pratap (prat?p)
?????? (pe?õ),Trees (pe?õ)
?????? (ce???),Try (ce???)
??????? (vy?kra?),Grammar (vy?kra?)
??????? (l?isens),License (l?isens)
???? (lalit),Fine (Lalit)
??? (r?s),Russia (r?s)
??? (m?l),Miles (m?l)
???? (barph),Snow (barph)
??? (p?p),Sin (p?p)
?????? (putr?),Daughter (putr?)
????? (daphtar),Office (daphtar)
????? (j?nvar),Animals (j?nvar)
???? (g?ne),Music (g?ne)
?????????? (k?ryakart?),Worker (k?ryakart?)
???????? (kal?k?rõ),Artists (kal?k?rõ)
???? (kart?),Does (kart?)
?????? (utp?d),Products (utp?d)
??? (??),Arrive (??)
????? (socte),Think (socte)
??? (s?kh),Learn (s?kh)
??? (s?s),SaaS (s?s)
???? (v???),Harp (v???)
???????? (y?reniyam),Uranium (y?reniyam)
????? (maulik),Elemental (Maulik)
????? (m?rne),Kill (m?rne)
??????? (muhammad),Muhammad (Muhammad)
??? (bil),Bill (bil)
??? (bacat),Savings (bacat)
???????? (pr?vdh?n),Provision (pr?vdh?n)
???? (pac?s),Fifty (pac?s)
?????? (n?grik),Citizens (n?grik)
????? (nehr?),Nehru (nehr?)
??? (den),Then (den)
????? (girne),Falling (Girne)
???? (gahre),Deep (gahre)
??????? (upany?s),Novel (upany?s)
????? (il?ke),Area (il?ke)
??????? (?ntarik),Internal (?ntarik)
??????????? (hindust?n),Hindustan (hindust?n)
???? (sansad),Parliament (Sansad)
???????? (sv?k?ti),Acceptance (sv?k?ti)
?????? (sampark),Contact (sampark)
?????? (vibh?jan),Partition (vibh?jan)
????? (lau?ne),Return (lau?ne)
????? (y?rop),Europe (y?rop)
??? (mañc),Forums (mañc)
????? (bh?gya),Destiny (bh?gya)
???? (behad),Extremely (behad)
?????? (bul?y?),Call (bul?y?)
??? (p?e),Found (p?e)
?????????? (prayog??l?),Laboratory (prayog??l?)
???????? (pram??it),Certified (pram??it)
?????????? (prabh?v??l?),Impressive (prabh?v??l?)
??? (j?t),Win (j?t)
??????? (j?navrõ),Animals (j?navrõ)
?????? (gusse),Angry (gusse)
????? (gardan),Neck (gardan)
???? (gur?),Guru (gur?)
?????? (adhiktam),Max (adhiktam)
?????? (s???i),Creation (s???i)
??????? (?ik?it),Educate (?ik?it)
??? (?ahad),Honey (?ahad)
??? (varan),But (Varan)
??? (rom),Rome (Rom)
??? (badan),Body (badan)
???? (phail?),Spread (phail?)
???? (phe?k),Throw (phe?k)
?????? (pich?e),Backward (pich?e)
??????? (pari?ram),Labor (pari?ram)
???????? (pariv?rõ),Families (pariv?rõ)
??????? (paribh???),Definition (paribh???)
?????????? (pr?rambhik),Early (pr?rambhik)
??????? (puru?õ),Men (puru?õ)
???????? (nir?k?a?),Inspection (nir?k?a?)
??? (d?s),Das (d?s)
??? (dev),Dev (dev)
???? (t?kat),Strength (t?kat)
????? (tantra),Tantra (tantra)
???????? (tatk?l?n),Then (tatk?l?n)
????? (takn?k),Tech (takn?k)
????? (cal?ne),Run (cal?ne)
??? (ga?han),Formation (ga?han)
??????? (anubh?ti),Cognition (anubh?ti)
???????? (hinduõ),Hindus (hinduõ)
????? (hind?),Hindu (hind?)
??????? (h?l??ki),However (h?l?ki)
??????? (s?m?hik),Collective (s?m?hik)
??????? (sark?rõ),Governments (sark?rõ)
??????? (sãyantra),Plant (sãyantra)
????? (sundar),Beautiful (Sundar)
???? (s?jan),Creation (s?jan)
???? (vais?),So (vais?)
????? (l?vn?),Lavani (l?vn?)
??????? (lak?a?õ),Symptoms (lak?a?õ)
??????? (r?hulj?),Is She (r?hulj?)
???? (yuv?),Young (yuv?)
?????? (m?rti),Murthy (m?rti)
??? (ber),Plum (ber)
?????? (p???u),Pandu (p???u)
?????? (dhrupad),Dhrupad (Dhrupad)
?????? (tathyõ),Facts (tathyõ)
??? (?her),Stack (?her)
????? (j?y?),Go (j?y?)
???????? (granthõ),Texts (granthõ)
???? (ga?it),Mathematics (ga?it)
???????? (kah?niyõ),Stories (kah?niyõ)
???? (a?ok),Ashok (a?ok)
????? (s?bit),Prove (s?bit)
????? (samajhn?),Understanding (samajhn?)
?????? (sañgy?),Noun (sañgy?)
???? (??nt),Cool (??nt)
???????? (?r?la?k?),Sri Lanka (?r?la?k?)
?????? (?ramik),Workers (?ramik)
???? (?art),Condition (?art)
???? (lipi),Script (Lipi)
?????? (m?nv?ya),Human (m?nv?ya)
???????? (pak?iyõ),Birds (pak?iyõ)
?????? (niv?s?),Resident (niv?s?)
????????? (tuln?tmak),Comparative (tuln?tmak)
??? (camak),Brightness (camak)
??? (gol),Round (gol)
???? (kh?kar),Eating (kh?kar)
??? (ko?),Coat (ko?)
??? (iñc),Inch (iñc)
??? (?san),Posture (?san)
????? (akel?),Guy (akel?)
????? (?arm?),Sharma (?arm?)
????????????? (vi?vavidy?lay),University (vi?vavidy?lay)
?????? (vidh?yak),MLA (vidh?yak)
????? (varm?),Verma (varm?)
????? (vaidya),Physician (Vaidya)
????????? (r?jasth?n?),Rajasthani (r?jasth?n?)
????? (m?nn?),Believe (m?nn?)
????? (bharp?r),Bumper (bharp?r)
??? (bhagat),Bhagat (Bhagat)
????? (bast?),Basti (bast?)
????? (bai?hne),Seating (bai?hne)
??????? (pratibh?),Talent (pratibh?)
????? (praj?),People (praj?)
?????? (prakop),Outbreak (prakop)
???? (n?yak),Hero (n?yak)
????? (dost),Friends (dost)
?????? (tiv?r?),TI (tiv?r?)
???? (gha??),Watch (gha??)
???? (galt?),Fault (galt?)
?????? (k?rban),Carbon (k?rban)
????? (upc?r),Treatment (upc?r)
???? (?s??),Christian (?s??)
????? (?vedan),Application (?vedan)
???????? (?yurved),Ayurveda (?yurved)
??? (?dar),Respect (?dar)
???????? (aty?c?r),Torture (aty?c?r)
?????? (him?lay),Himalaya (him?lay)
??? (hans),Hans (Hans)
????? (soct?),Thinks (soct?)
???????? (vi?van?th),Vishwanath (vi?van?th)
???? (vetan),Salary (vetan)
????? (mathur?),Mathura (mathur?)
???? (bh?bh?),Law (bh?bh?)
???? (bheje),Replies (bheje)
?????? (by?ro),Bureau (by?ro)
???? (bant?),Paired (bant?)
?????? (pak?õ),Sides (pak?õ)
????? (gharel?),Domestic (gharel?)
???? (ga?n?),Count (ga?n?)
?????? (kahl?t?),Called (kahl?t?)
?????? (kal?vt?),Kalawati (kal?vt?)
???? (karn?),To (karn?)
?????????? (ud?har??rth),Sample (ud?har??rth)
??? (u?),Fly (u?)
???? (?gh?t),Trauma (?gh?t)
???? (haml?),Attack (haml?)
?????????? (vy?vs?yik),Professional (vy?vs?yik)
???????? (lokapriy),Popular (lokapriy)
????? (relve),Railway (relve)
??????? (mi?rit),Mixed (mi?rit)
???? (mah?n),Great (mah?n)
????? (mehnat),Work (mehnat)
?????? (bindu),Point (bindu)
???? (phalta?),"As a result, (phalta?)"
???????? (prophesar),Professor (prophesar)
?????? (praclan),Circulation (praclan)
??? (ausat),Average (ausat)
????? (ek?ek),Suddenly (ek?ek)
???????? (upasthiti),Presence (upasthiti)
?????? (unnati),Advancement (unnati)
??? (?dhe),Half (?dhe)
??? (al?),Ali (al?)
??????? (sarasvat?),Muse (sarasvat?)
????? (samarth),Able (Samarth)
??????? (sambhavta?),Probably (sambhavta?)
?????? (sa?kõ),Roads (sa?kõ)
???????? (vi?e?agya),Expert (vi?e?agya)
??????? (vidroh),Rebellion (vidroh)
??? (v?t),Vata (v?t)
?????? (vyast),Busy (vyast)
???? (l?kar),Bringing (l?kar)
??? (r?v),Rao (r?v)
??????? (yojn?õ),Plans (yojn?õ)
????? (mantra),Mantra (mantra)
????? (bat?ne),Tell (bat?ne)
????? (bat?te),Show (bat?te)
???????? (pra?nõ),Questions (pra?nõ)
????? (pak??),Held (pak??)
??? (no?),Note (no?)
?????? (nivedan),Request (nivedan)
????? (ny?y),Justice (ny?y)
??? (dh?l),Dust (dh?l)
???? (d?ne),Rash (d?ne)
??? (d?n),Dan (d?n)
??????? (dev?ga?h),Devigarh (dev?ga?h)
??? (taral),Liquid (taral)
??????? (koriy??),Korean (koriy??)
???????? (kilom??ar),Kilometers (kilom??ar)
????? (kit?b),Book (kit?b)
????? (k?am?),Sorry (k?am?)
???? (iñjan),Engine (iñjan)
?? (?e),Come (?e)
???? (asphal),Failed (asphal)
????? (halk?),Light (halk?)
???????? (s?vitr?),Savitri (s?vitr?)
????? (sard?r),Sardar (sard?r)
??????? (sagarbhat?),Gestation (sagarbhat?)
??? (?ubh),Good (?ubh)
??? (lahar),Wave (lahar)
???? (lekh?),Accounting (lekh?)
????? (m?sik),Monthly (m?sik)
?????? (madr?s),Madras (madr?s)
???? (ma?gal),Tue (ma?gal)
??? (bhal?),Well (bhal?)
????? (bhejne),Send (bhejne)
??????? (bijl?ghar),Powerhouse (bijl?ghar)
????? (ban?t?),Makes (ban?t?)
?????? (pavitra),Holy (Pavitra)
????? (pari?ad),Council (pari?ad)
??? (pari),Cir (pari)
???? (p?ch?),Asked (p?ch?)
???? (naukar),Lackey (naukar)
??????? (nik?lkar),Removing (nik?lkar)
??????? (n?sikya),Nasiky (n?sikya)
?????? (t?pm?n),C (t?pm?n)
????? (tar?k?),Way (tar?k?)
??? (jh??h),Lies (jh??h)
???? (j?t?),Are (j?t?)
?????? (chu???),Holiday (chu???)
??? (gh??),Ferries (gh??)
???? (gobar),Dung (gobar)
????? (k?mõ),Works (k?mõ)
?????? (ka?m?r),K (ka?m?r)
???? (??c?),High (?c?)
????? (unnat),Advanced (unnat)
???? (?j?d),Azad (?j?d)
????? (?grah),Request (?grah)
?????? (am?tsar),Amritsar (am?tsar)
??? (anu),Anu (Anu)
?????? (adbhut),Amazing (adbhut)
??? (ata?),So (ata?)
????? (sikhõ),Sikhs (sikhõ)
???? (s?dhu),Sage (s?dhu)
????? (sande?),Message (sande?)
????? (likhit),Written (likhit)
??? (lep),Coatings (Lep)
??????? (mary?d?),Limit (mary?d?)
??? (mej),Table (Mej)
??????? (mukhyata?),Mostly (mukhyata?)
????? (bh?jp?),BJP (bh?jp?)
????? (bek?r),Waste (bek?r)
??????? (paid?v?r),Yields (paid?v?r)
??? (n??),Destroy (n??)
???? (dalõ),Parties (dalõ)
????? (j?p?n),Japan (j?p?n)
????? (gop?l),Gopal (gop?l)
???????? (ko?ik?õ),Cells (ko?ik?õ)
????? (k??ne),Cutting (k??ne)
??? (k?d),Sports (k?d)
????? (upde?),Sermons (upde?)
????? (u??n),Flight (u??n)
???????? (antrik?),Space (antrik?)
???? (sahs?),Suddenly (sahs?)
????? (vy?s),Diameter (vy?s)
??????? (mitrõ),Friends (mitrõ)
??? (bhog),Indulgence (bhog)
???? (bul?),Calling (bul?)
?????? (pr?ta?),Weaning (pr?ta?)
???? (pa?h?),Read (pa?h?)
????? (pa?hte),Read (pa?hte)
????? (gho??),Horse (gho??)
???? (guph?),Cave (guph?)
??? (khul),Open (Khul)
????? (khur?k),Dose (khur?k)
?????? (up?yõ),Measures (up?yõ)
???????? (upyogit?),Utility (upyogit?)
???? (il?j),Treatment (il?j)
????? (?v?z),Sound (?v?z)
??? (?l?),Potatoes (?l?)
??? (ha??),Deleted (ha??)
???????? (svastik),Swastika (svastik)
??????? (sam?k??),Review (sam?k??)
??????? (sa?krama?),Infection (sa?krama?)
??????? (saik?õ),Hundreds (saik?õ)
??? (?or),Noise (?or)
???????? (?abd?vl?),Glossary (?abd?vl?)
????? (yaugik),Compound (yaugik)
??? (man?),Refuse (man?)
???? (ma??al),Board (ma??al)
???? (bacne),Avoid (bacne)
???????? (premn?th),Prem (premn?th)
??? (param),Ultimate (param)
???? (nidhi),Fund (Nidhi)
?????? (net?j?),Netaji (net?j?)
?????? (cunaut?),Challenge (cunaut?)
???? (gautam),Gautam (Gautam)
?????? (khi?k?),Window (khi?k?)
??????? (kism?),Strands (kism?)
???? (karte),The (Karte)
???? (ka???),Harvesting (ka???)
??????? (as?dh?ra?),Extraordinary (as?dh?ra?)
????? (smara?),Recall (smara?)
????? (samagra),Overall (samagra)
???? (sun?),Heard (sun?)
?????? (re?iyo),Radio (re?iyo)
?????? (m?m?l?),Minor (m?m?l?)
????? (b?m?r),Ill (b?m?r)
????? (ph?yd?),Benefit (ph?yd?)
??????? (pur??õ),Puranas (pur??õ)
?????????? (prast?võ),Proposals (prast?võ)
???????? (pradh?nt?),Primacy (pradh?nt?)
??????? (pandrah),Fifteen (pandrah)
??? (n?v),Boat (n?v)
????? (tulph),Tulf (tulph)
?????? (tatk?l),Immediate (tatk?l)
????? (jo??),Added (jo??)
??? (c?l),Trick (c?l)
???? (c?he),Mice (c?he)
???? (caln?),Walking (caln?)
???? (g?y?),Sang (g?y?)
??? (gal?),Throat (gal?)
??? (khair),Well (Khair)
????? (kor?),Court (kor?)
????? (kar?n?),To (kar?n?)
????? (kampn?),Company (kampn?)
???? (isne),It (isne)
???? (inko),They (Inko)
???????????? (arthavyavasth?),Economy (arthavyavasth?)
???? (añcal),Lapel (añcal)
????? (halk?),Lighter (halk?)
????????? (suni?cit),Sure (suni?cit)
???? (varn?),Otherwise (varn?)
???????? (buniy?d?),Basic (buniy?d?)
????? (dainik),Daily (Dainik)
????? (ju?e),Connected (ju?e)
??? (ghus),Climbing (ghus)
???? (khul?),Open (khul?)
????? (kum?r),Kumar (kum?r)
?????? (kum???),Kumaon (kum??)
???? (??gan),Patio (??gan)
